{
  "verbose": 0,
  "sim": {
    "duration": 13500,
    "dt": 0.05,
    "verbose": 0,
    "recordStep": 0.1,
    "name": "24may24_A0_",
    "doquit": 1,
    "doplot": 0,
    "dosave": 1,
    "saveCellSecs": 1,
    "saveCellConns": 0,
    "useICThal": 0,
    "useCochleaThal": 1
  },
  "net": {
    "scale": 1.0,
    "sizeY": 2000.0,
    "sizeX": 200.0,
    "sizeZ": 200.0,
    "scaleDensity": 1.0,
    "EEGain": 0.75,
    "EIGain": 1.5,
    "IEGain": 1.5,
    "IIGain": 1.0,
    "ICThalweightECore": 0.8350476447841453,
    "ICThalweightICore": 0.2114492149101151,
    "ICThalprobECore": 0.163484173596043,
    "ICThalprobICore": 0.0936669688856933,
    "ICThalMatrixCoreFactor": 0.1,
    "cochThalweightECore": 0.15,
    "cochThalweightICore": 0.09,
    "cochThalprobECore": 0.3,
    "cochThalprobICore": 0.15,
    "cochThalMatrixCoreFactor": 0.1,
    "cochThalFreqRange": [1000, 2000],
    "thalL4PV": 0.21367245896786016,
    "thalL4SOM": 0.24260966747847523,
    "thalL4E": 2,
    "thalL4VIP": 1.0,
    "thalL4NGF": 1.0,
    "thalL1NGF": 1.0,
    "ENGF1": 1.0,
    "L4L3E": 1.0,
    "L4L3PV": 1.0,
    "L4L3SOM": 1.0,
    "L4L3VIP": 1.0,
    "L4L3NGF": 1.0,
    "EEPopGain": {"IT2": 1.3125, "IT3": 1.55, "ITP4": 1.0, "ITS4": 1.0, "IT5A": 1.05, "CT5A": 1.1500000000000001, "IT5B": 0.425, "CT5B": 1.1500000000000001, "PT5B": 1.05, "IT6": 1.05, "CT6": 1.05},
    "EIPopGain": {"NGF1": 1.0, "SOM2": 1.0, "PV2": 1.0, "VIP2": 1.0, "NGF2": 1.0, "SOM3": 1.0, "PV3": 1.0, "VIP3": 1.0, "NGF3": 1.0, "SOM4": 1.0, "PV4": 1.0, "VIP4": 1.0, "NGF4": 1.0, "SOM5A": 1.0, "PV5A": 1.4, "VIP5A": 1.25, "NGF5A": 0.8, "SOM5B": 1.0, "PV5B": 1.45, "VIP5B": 1.4, "NGF5B": 0.9500000000000001, "SOM6": 1.0, "PV6": 1.4, "VIP6": 1.3499999999999999, "NGF6": 0.65},
    "ThalamicCoreLambda": 50.0  
  },
  "ICThalInput": {"onset": 5000, "offset":12000, "interval": 1000, "file": "data/ICoutput/ICoutput_CF_5256_6056_wav_BBN_100ms_burst.mat"},
  "CochlearThalInput" : {
      "lonset":[2000, 2773.7326554342305, 3318.598333167001, 4069.203071066093, 4754.6628282677393, 5626.857709542141, 6286.439006970395, 6970.651397257222, 7565.561437919312, 8100.8575926910635, 8816.766531097223, 9492.094641568216, 9911.338662677597, 10522.63337147328, 11131.823971763768, 11689.573944409447],
      "numCenterFreqs": 100,
      "freqRange": [125, 20000],
      "loudnessScale": 1,
      "lfnwave":["wav/jitternoise/0.wav", "wav/jitternoise/1.wav", "wav/jitternoise/2.wav", "wav/jitternoise/3.wav", "wav/jitternoise/4.wav", "wav/jitternoise/5.wav", "wav/jitternoise/6.wav", "wav/jitternoise/7.wav", "wav/jitternoise/8.wav", "wav/jitternoise/9.wav", "wav/jitternoise/10.wav", "wav/jitternoise/11.wav", "wav/jitternoise/12.wav", "wav/jitternoise/13.wav", "wav/jitternoise/14.wav", "wav/jitternoise/15.wav"]
  },
  "EbkgThalamicGain": 0,
  "IbkgThalamicGain": 0,
   "syn": {
      "GABAB": {"mod": "MyExp2SynBB", "tau1": 3.5, "tau2": 260.9, "e": -93},
      "synWeightFractionThal": {"Thal":{"I": {"E": [0.9, 0.9], "I":[1.0,0.0]}},"Ctx":{"I": {"E": [1.0,0.0], "I":[1.0]}}},
      "synWeightFractionNGF":  {"E":[0.5, 0.9],"I":[1.0]},
      "synWeightFractionSOM":  {"E":[0.9, 0.5],"I":[1.0]},
      "synWeightFractionIE": [0.9, 0.1],
      "synWeightFractionII": [1.0],
      "synWeightFractionEE": [0.5, 0.5],
      "synWeightFractionEI": [0.5, 0.5],
      "synWeightFractionEI_CustomCort": [0.5, 0.5],
      "synWeightFractionENGF": [0.834, 0.166]
  }
}
